Hotel_name,Adresse,Distance
 Hotel Byzance , Accueil ," 1,3 km du centre "
 appartement de luxe près de la mer , Tunisie ,  
 L'auberge de la jeunesse Nabeul , Gouvernorat de Nabeul ," 1,7 km du centre "
 Palmyra Club Nabeul , Nabeul ," 1,3 km du centre "
 Khayam Garden Beach Resort & Spa ,  Nabeul   , 950 m du centre 
 Les Vagues Home ,  Nabeul   , 950 m du centre 
 Apparemment standing Nabeul ,  Nabeul   ,  
 Douja Apartment ,  Nabeul   , 4 km du centre 
 Ikamet Rihab at Hammamet North ,  Nabeul   , 550 m du centre 
 Résidence kelibia wave ,  Nabeul   , 750 m du centre 
 Dar Sabri ,  Nabeul   ,  
 Dar Taieb ,  Nabeul   ," 4,5 km du centre "
 La Maison Des Oliviers ,  Nabeul   , 55 km du centre 
 Les Pyramides ,  Nabeul   , 100 m du centre 
 Petit coin de paradis ,  Nabeul   , 200 m du centre 
 ARTY Apartment Residence Yasmine ,  Nabeul   ,  
 Le palais Hammamet ,  Nabeul   , 6 km du centre 
 Résidence Takwa ,  Nabeul   , 450 m du centre 
 Sunny Loft Nabeul ,  Nabeul   ," 4,5 km du centre "
 Apartment Boulevard de l'Environnement ,  Nabeul   ," 4,3 km du centre "
 Maison Karim ,  Nabeul   , 21 km du centre 
 Jasmin ,  Nabeul   ," 4,6 km du centre "
" Valencia II-10 - Confort, elegance et standing a 500 m de la plage ",  Nabeul   , 350 m du centre 
" Valencia II-3 - Confort, elegance et standing a 500 m de la plage ",  Nabeul   ,  
 Appartamento nuovo e moderno ,  Nabeul   ," 4,8 km du centre "
 Superb Apartment Ideal For Couples 5 Mn From Beach ,  Nabeul   ,  
 Chez famille Djelassi (Studio) ,  Nabeul   ," 1,3 km du centre "
 Chez famille Djelassi (Wohnung) ,  Nabeul   , 5 km du centre 
 GHASSEN 17 ,  Nabeul   ," 1,6 km du centre "
 L'appartement idéal pour vos vacances en famille ou entre amis , Gérer les paramètres de confidentialité," 1,6 km du centre "
 DAR ZOHRA ,Charte sur la confidentialité et les cookies," 1,9 km du centre "
 Maison Myriam ,Charte sur la confidentialité et les cookies,  
 Appartement Nabeul ,Charte sur la confidentialité et les cookies," 4,2 km du centre "
 Villa Kenza ,Fermer sans enregistrer," 1,9 km du centre "
 Dar R'Bat ,Charte sur la confidentialité et les cookies," 1,9 km du centre "
 La maisonette Neapolis ,Charte sur la confidentialité et les cookies," 4,5 km du centre "
 Hammamet Ela Apartments ,Charte sur la confidentialité et les cookies," 4,9 km du centre "
 Dar Kamy ,Fermer sans enregistrer, 39 km du centre 
 Hotel Carlton , Cliquez ici pour gérer vos paramètres relatifs à la confidentialité," 1,3 km du centre "
 Royal Victoria ,Détails du concours et autres prix,  
 Ibis Tunis , Accueil ," 1,4 km du centre "
 El Mouradi Hotel Africa Tunis , Tunisie ,  
 El Hana International , Gouvernorat de Nabeul ," 1,3 km du centre "
 Yadis Ibn Khaldoun , Nabeul , 550 m du centre 
 Hôtel le calife ,  Nabeul   ," 1,8 km du centre "
 Hotel Afef ,  Nabeul   ," 4,3 km du centre "
 Appartement Florence ,  Nabeul   ," 3,6 km du centre "
 Hotel Saint Georges Tunis ,  Nabeul   , 250 m du centre 
 Hotel Métropole Résidence ,  Nabeul   , 950 m du centre 
 Hotel Roma ,  Nabeul   ," 1,2 km du centre "
 Hôtel Lafayette ,  Nabeul   , 300 m du centre 
 Hotel Lac Leman ,  Nabeul   , 500 m du centre 
 Maison du 18ème Siècle ,  Nabeul   ," 1,6 km du centre "
 Le Corail Suites Hotel ,  Nabeul   ," 1,1 km du centre "
 Golden Tulip El Mechtel ,  Nabeul   ," 1,1 km du centre "
 Hôtel Belvédère Fourati ,  Nabeul   , 7 km du centre 
 Mövenpick Hotel du Lac Tunis ,  Nabeul   ," 1,3 km du centre "
 Golf Royal Hotel , Gérer les paramètres de confidentialité, 800 m du centre 
 Hotel New Oscars ,Charte sur la confidentialité et les cookies, 900 m du centre 
 Hotel Le Pacha ,Charte sur la confidentialité et les cookies," 1,6 km du centre "
 Acropole Tunis ,Charte sur la confidentialité et les cookies, 6 km du centre 
 Dar Traki Medina de Tunis ,Fermer sans enregistrer," 1,6 km du centre "
 Appartement lac2 ,Charte sur la confidentialité et les cookies, 9 km du centre 
 Dar Ya ,Charte sur la confidentialité et les cookies," 1,9 km du centre "
 Dar Khereddine ,Charte sur la confidentialité et les cookies," 1,9 km du centre "
 Appart au centre ville ,Fermer sans enregistrer, 6 km du centre 
 Dar La Leila , Cliquez ici pour gérer vos paramètres relatifs à la confidentialité, 300 m du centre 
 sahebettabeaa ,Détails du concours et autres prix, 400 m du centre 
 Hôtel La Maison Blanche , Accueil ," 2,1 km du centre "
 Marigold Hotel , Tunisie , 6 km du centre 
 Majestic Hotel , Gouvernorat de Tunis ," 1,4 km du centre "
 The Penthouse Suites Hotel , Tunis , 9 km du centre 
 Concorde Hotel Paris ,"  Centre de Tunis, Tunis   "," 1,7 km du centre "
 Dar khaled ,"  Médina, Tunis   ", 10 km du centre 
 Business Hotel ,  Tunis   , 750 m du centre 
 Menzah 5 ,"  Centre de Tunis, Tunis   ", 4 km du centre 
 Tunisia Palace ,"  Centre de Tunis, Tunis   ", 5 km du centre 
 Pretty and independent Apartment located in Tunis city ,  Tunis   , 2 km du centre 
 Sofie Appart hotel ,"  Médina, Tunis   ", 2 km du centre 
 Studio Très bien situé au Jardin d el menzah 1 ,  Tunis   , 700 m du centre 
 Bridge Apart ,  Tunis   , 7 km du centre 
 Apartment Jardin Carthage ,  Tunis   , 5 km du centre 
 Villa Maria ,"  Bab Bhar, Tunis   ", 15 km du centre 
 Tunis Grand Hotel ,  Tunis   , 2 km du centre 
 Appartement S+1 Jardin De Carthage ,  Tunis   ,  
 Appartement cosy & modern Near LA MARSA ,"  Les Berges du Lac, Tunis   "," 4,8 km du centre "
 Dar kenza tunis ,"  Médina, Tunis   ", 850 m du centre 
 Résidence Ghozlane ,"  Les Berges du Lac, Tunis   ",  
 Residence Farah ,  Tunis   , 5 km du centre 
 La perle el menzah ,  Tunis   ," 4,8 km du centre "
" Suite better than a Hotel, Jacuzzi & View on Tunisia Mall ","  Les Berges du Lac, Tunis   ",  
 A22 ,"  Centre de Tunis, Tunis   ", 6 km du centre 
 Excellent Appartment in Lac 2 Near Tunisia Mall ,"  Centre de Tunis, Tunis   ", 5 km du centre 
 Concorde Hotel Les berges du Lac ,  Tunis   ,  
 Hélène & Yessine Place ,"  Les Berges du Lac, Tunis   ", 11 km du centre 
 Apartment Ennaser ,"  Médina, Tunis   ", 6 km du centre 
 Charming Studio in Tunis city ,"  Les Berges du Lac, Tunis   ", 6 km du centre 
 Hotel du Parc , Gérer les paramètres de confidentialité,  
 le loft Eline ,Charte sur la confidentialité et les cookies, 11 km du centre 
 Dar Ben Gacem ,Charte sur la confidentialité et les cookies, 11 km du centre 
 Flat Ain Zaghouen ,Charte sur la confidentialité et les cookies," 1,4 km du centre "
 La perle bleu LAC III ,Fermer sans enregistrer,  
 Dar Ben Gacem Kahia ,Charte sur la confidentialité et les cookies, 6 km du centre 
 Appartement de Charme aux Jardins de Carthage ,Charte sur la confidentialité et les cookies, 9 km du centre 
 FLAT JINEN DU LAC 2 ,Charte sur la confidentialité et les cookies, 6 km du centre 
 Palais Bayram ,Fermer sans enregistrer,  
 Séjourner dans la tranquillité et en toute sécurité , Cliquez ici pour gérer vos paramètres relatifs à la confidentialité, 9 km du centre 
 Spacious S + 1 with Jacuzzi on the Boulevard ,Détails du concours et autres prix, 6 km du centre 
 Hotel la princesse , Accueil ,  
 Hotel Excellence , Tunisie , 9 km du centre 
 Villa mimi , Gouvernorat de Tunis , 5 km du centre 
 El Patio Courtyard House , Tunis , 8 km du centre 
 Harmony Appartement 13 ,"  Médina, Tunis   ",  
 apparemment très chic au jardins de carthage ,  Tunis   , 6 km du centre 
 Dar El Yasmine ,  Tunis   ,  
 Sheraton Tunis Hotel ,  Tunis   , 5 km du centre 
 Novotel Tunis ,  Tunis   ," 1,8 km du centre "
 Dar médina ,  Tunis   , 13 km du centre 
 Spacious & Calm S+1 near everything on Lake 2 ,  Tunis   ,  Plage à proximité 
 Dar El Medina ,  Tunis   ," 1,8 km du centre "
 OLYMPIQUE ,  Tunis   ,  
 DUPLEX ELINE ,"  Les Berges du Lac, Tunis   ", 11 km du centre 
 silverwood ,  Tunis   ,  
 LES HAUTEURES D EL MENZAH ,  Tunis   , 9 km du centre 
 appartamento roma ,  Tunis   ," 1,7 km du centre "
 Moderne & fabuleux appart ,"  Bab Bhar, Tunis   ", 11 km du centre 
 Un emplacement exceptionnel ,  Tunis   ,  
 Dar El Jeld Hotel and Spa ,  Tunis   , 9 km du centre 
" Loft with Jacuzzi,Italian Furniture & wide view on Tunisia Mall ",  Tunis   ," 1,4 km du centre "
 Ctre Urbain Nord Immeuble ,"  Les Berges du Lac, Tunis   ", 9 km du centre 
 Benzineb Immo Centre Urbain Nord ,  Tunis   ,  
 Limo's House Jardins Menzah ,  Tunis   , 9 km du centre 
 EL KHADRA VILLE ,  Tunis   , 5 km du centre 
 New appartement haut standing jardins de carthage ,  Tunis   , 5 km du centre 
 2 bedrooms near Mall ,  Tunis   ," 4,2 km du centre "
 suite better than a Hotel jardin de carthage ,"  Médina, Tunis   "," 1,4 km du centre "
 Appartement neuf luxueux jardins de carthage ,  Tunis   ,  
 Appartement Carthage , Gérer les paramètres de confidentialité, 9 km du centre 
 Appartement luxueux et bien équipé ,Charte sur la confidentialité et les cookies, 11 km du centre 
 Le Balcon Ain Zaghouan Nord ,Charte sur la confidentialité et les cookies, 10 km du centre 
 Superb & Modern apartment at Berges Lac 2 close to Tunisia Mall ,Charte sur la confidentialité et les cookies," 4,2 km du centre "
" Trendy & Secure between Tunisia Mall, Canadian Embassy ",Fermer sans enregistrer," 1,3 km du centre "
 Harmony Appartement 12 ,Charte sur la confidentialité et les cookies," 2,1 km du centre "
 Luxury and Splendid 2 Bedrooms Apartment in Jardin De Carthage Tunis ,Charte sur la confidentialité et les cookies, 9 km du centre 
" Double Suites, Gorgeous jaccuzi with lake view ",Charte sur la confidentialité et les cookies," 1,5 km du centre "
 The bleu sea ,Fermer sans enregistrer," 3,4 km du centre "
 A21 , Cliquez ici pour gérer vos paramètres relatifs à la confidentialité, 13 km du centre 
 saoussen ,Détails du concours et autres prix,  Plage à proximité 
" S+1 Equipped Near Tunisia Mall, Huge, Sunny, Secure ", Accueil ,  
 Appartement Ain Zaghouan , Tunisie , 5 km du centre 
 Appartement Haut standing confortable , Gouvernorat de Tunis , 6 km du centre 
 Villa El Khir , Tunis , 400 m du centre 
 Appart GP9 ,  Tunis   , 9 km du centre 
 appartement a médina ,  Tunis   , 11 km du centre 
 Hestia House - Berges du Lac I ,"  Les Berges du Lac, Tunis   ",  Plage à proximité 
 Le Luxe de Jardin de Carthage ,"  Les Berges du Lac, Tunis   "," 1,6 km du centre "
 Loft Aziz ,"  Les Berges du Lac, Tunis   ", 9 km du centre 
 Residence Ghassen ,"  Les Berges du Lac, Tunis   ", 5 km du centre 
 Luxe et moderne près Tunisia Mall Lac 2 ,"  Les Berges du Lac, Tunis   ",  
 Dar Mehdouch ,  Tunis   , 5 km du centre 
 Casamelek ,  Tunis   , 7 km du centre 
" Residence le palace, Gammarth ",  Tunis   ," 3,5 km du centre "
 DAR NOUR ,  Tunis   , 11 km du centre 
 Apparte Le Palais ,"  Médina, Tunis   ",  
" Double Suites, jacuzzi & view on Tunisia Mall & Canadian Embassy ",  Tunis   , 9 km du centre 
 Residence UlYSSE LA MARSA ,"  Les Berges du Lac, Tunis   ", 11 km du centre 
 Bel appartement Cosy Banlieue Nord de Tunis ,"  Médina, Tunis   ", 11 km du centre 
 Dar Ennassim ,  Tunis   , 13 km du centre 
 panorama du lac deux ,"  Les Berges du Lac, Tunis   ",  Plage à proximité 
 New Stylish and Spacious Apartment at Berges du Lac 2 Tunis ,"  Médina, Tunis   ", 8 km du centre 
 appartement ,  Tunis   ,  
 Plaisir appart ,"  Les Berges du Lac, Tunis   ", 11 km du centre 
 Dar Nada ,  Tunis   ,  
 B&B Casa Italia ,  Tunis   , 9 km du centre 
 Ambassadeurs Hotel ,  Tunis   ,  
 Appartement S+1 Luxueux aux Jardins de Carthage ,"  Médina, Tunis   ", 9 km du centre 
 Apartment Rue Tourbet El Bey 2 ,"  Les Berges du Lac, Tunis   ",  
 Apartment Rue Tourbet El Bey - 3 , Gérer les paramètres de confidentialité, 9 km du centre 
 Apartment Rue Ben Dhrif Rue des Arcas Tunis ,Charte sur la confidentialité et les cookies,  
 Apartment Rue Tourbet El Bey 1 ,Charte sur la confidentialité et les cookies, 11 km du centre 
 Le 5 ter ,Charte sur la confidentialité et les cookies,  
 Nivo ,Fermer sans enregistrer, 9 km du centre 
 RESIDENCE LA TERRASSE ,Charte sur la confidentialité et les cookies, 12 km du centre 
 The Bathurst Condo ,Charte sur la confidentialité et les cookies, 6 km du centre 
 La Perla House ,Charte sur la confidentialité et les cookies, 9 km du centre 
 casa ,Fermer sans enregistrer, 9 km du centre 
 Spacious & Green Californian Apt Next to everything in lake 2 , Cliquez ici pour gérer vos paramètres relatifs à la confidentialité,  
 Rent Apartment F4 Richly Furnished In Tunis ,Détails du concours et autres prix, 10 km du centre 
 Spacious modern app richly furnished , Accueil ,  
 Rent Apartment In Tunis , Tunisie , 6 km du centre 
 Furnished Short Stay Apartment In Tunis , Gouvernorat de Tunis ,  
 Les Berges Du Lac Tunis Suites , Tunis , 10 km du centre 
 Les Verrières De Gammarth: Villa moderne +Piscine ,  Tunis   ,  
" Suite indépendante, lac 2 ",  Tunis   , 8 km du centre 
 Apartment Rue Tourbet El Bey - 2 ,  Tunis   ," 2,1 km du centre "
 Small & Coquet at Lac2 ,  Tunis   ,  
 A Cosy home ,  Tunis   , 6 km du centre 
 Luxury Apartment at Berges Lac2 ,"  Les Berges du Lac, Tunis   ",  
 Dar Hayder-la Medina ,"  Médina, Tunis   ", 11 km du centre 
 Cosy 2 pièces charmant et spacieux ,  Tunis   , 6 km du centre 
